{"streams_101.parquet": [30.550999999999988, -18.148777777771603, 40.7882222222209, -5.490777777773217], "streams_102.parquet": [31.716555555555402, 2.11822222222581, 54.39888888888583, 30.145777777777784], "streams_103.parquet": [32.62744444444417, -7.736555555550708, 46.097777777775775, 9.55744444444708], "streams_104.parquet": [16.999444444444734, -34.769777777779204, 32.92200000000118, -25.43411111111202], "streams_105.parquet": [11.749444444444443, -32.632888888890186, 30.250222222223243, -12.358333333333514], "streams_106.parquet": [18.441444444444816, -26.485777777778743, 36.74488888889027, -9.043888888888883], "streams_107.parquet": [11.750111111111236, -18.03922222222278, 19.073000000000274, -6.087333333333648], "streams_108.parquet": [6.578111111111129, -5.975777777778089, 14.906111111111299, 7.384666666666631], "streams_109.parquet": [11.791777777777902, -13.40044444444491, 33.97277777777836, 9.200333333333337], "streams_110.parquet": [-6.979666666667513, 4.41266666666822, 6.728666666664726, 14.778444444445176], "streams_111.parquet": [-11.555111111111595, 4.298000000001561, 15.815999999997334, 23.92111111111111], "streams_112.parquet": [-17.255000000000024, 4.363666666668223, -5.4834444444454125, 18.416666666667105], "streams_113.parquet": [10.108666666661271, 20.803555555558756, 23.72744444443645, 31.236777777778983], "streams_114.parquet": [-11.79544444444566, 24.663777777780243, -1.9845555555586432, 35.703444444444806], "streams_115.parquet": [15.880222222215727, 24.71277777778023, 31.193333333323917, 32.806555555556464], "streams_116.parquet": [-5.516333333335747, 27.601888888890787, 7.837444444439482, 36.98922222222234], "streams_117.parquet": [-16.91944444444468, 16.5097777777818, -7.720888888890882, 28.1821111111129], "streams_118.parquet": [-10.486111111112578, 15.085666666670958, 1.472555555551807, 24.77822222222466], "streams_119.parquet": [4.526111111106783, 23.440333333336035, 15.820777777771294, 37.26188888888895], "streams_120.parquet": [20.85911111110367, 14.295666666671105, 31.239333333323913, 29.862333333334803], "streams_121.parquet": [-5.128444444446933, 20.24988888889219, 5.787777777773208, 29.868666666668133], "streams_122.parquet": [23.48299999999999, -3.9621111111057377, 39.7555555555531, 31.590111111111128], "streams_123.parquet": [43.30833333333343, -25.586111111111766, 50.47022222222254, -12.357111111111347], "streams_124.parquet": [7.019444444444431, 14.845777777779272, 16.687888888887485, 25.139555555555564], "streams_125.parquet": [13.334444444443523, 12.279666666668533, 24.816444444441867, 21.24955555555613], "streams_126.parquet": [7.395333333333265, 5.409555555558409, 24.385888888886377, 16.549444444445697], "streams_201.parquet": [-5.63833333333333, 36.03011111111051, 19.242888888890146, 48.13344444444444], "streams_202.parquet": [18.94311111111236, 29.033555555554592, 38.02111111111331, 42.87744444444417], "streams_203.parquet": [22.582564957439686, 45.223640136015625, 37.68461734447718, 55.83222207617382], "streams_204.parquet": [29.20452124426934, 36.9387306417295, 43.878584314892535, 45.44497401982843], "streams_205.parquet": [8.203380869579478, 41.26685251731191, 29.72187925494814, 50.180652464600286], "streams_206.parquet": [32.83985369928684, 44.44374930746036, 46.21461410800851, 54.00232863615722], "streams_207.parquet": [-10.285933871388732, 50.202119157108974, 1.7430562315825975, 59.0763355527919], "streams_208.parquet": [-9.42145856306133, 36.14957282802589, 3.8241747049964236, 46.248677308373615], "streams_209.parquet": [-4.768498197009166, 44.60401172154412, 16.741869933248918, 53.83422788348848], "streams_210.parquet": [17.053099666495314, 49.05070617941015, 37.94924752414733, 66.0672109931501], "streams_211.parquet": [8.114987760908466, 49.42492972926176, 30.661092855945146, 69.18833317703731], "streams_212.parquet": [5.060768504341741, 58.015371901893346, 41.236299719846265, 80.31488709131538], "streams_213.parquet": [41.23816732986576, 33.71585370912779, 66.70254120292626, 44.59786726094936], "streams_214.parquet": [32.04002516807094, 42.475531284583255, 60.391696107786466, 61.91299993531134], "streams_215.parquet": [50.02892393621844, 41.65164136967017, 60.63917464513647, 54.66554646531333], "streams_216.parquet": [41.92655555555748, 12.598111111105514, 59.75611111111664, 26.207111111108258], "streams_217.parquet": [36.852777777778684, 26.208888888886037, 51.92400000000394, 40.257888888888864], "streams_218.parquet": [56.116555555560346, 25.116888888885818, 69.4143333333408, 34.790999999998874], "streams_219.parquet": [32.56188888888892, 23.385777777774358, 42.116666666668635, 34.85988888888778], "streams_220.parquet": [48.23466666666986, 26.625444444441676, 60.701222222227926, 37.36955555555496], "streams_221.parquet": [37.5166666666677, 17.883777777773247, 51.955444444448396, 30.845222222220308], "streams_301.parquet": [66.40075112913345, 60.90488267986194, 86.041188899462, 73.4889999591266], "streams_302.parquet": [59.01773020126199, 45.76609748175029, 92.60198809599649, 68.0231083911099], "streams_303.parquet": [76.18010703033613, 46.460133874985424, 113.75861892130432, 73.61855558685139], "streams_304.parquet": [103.29335672378052, 52.187111037755336, 141.44001933739565, 73.75522222146098], "streams_305.parquet": [87.81807493932367, 45.63427154141593, 99.01969026053541, 51.058444996370284], "streams_401.parquet": [112.88803277729089, 33.33222278434226, 129.491287664787, 48.32077796725791], "streams_402.parquet": [107.60195123980617, 40.434778163316714, 141.36721872107972, 55.8764444460784], "streams_403.parquet": [102.31055555555615, 18.222555555554326, 114.70511111111232, 26.767111111110307], "streams_404.parquet": [95.94911111111138, 32.22988888888836, 119.79033333333483, 42.665000000000006], "streams_405.parquet": [113.4566666666678, 22.063444444443405, 122.45777777777938, 37.81655555555531], "streams_406.parquet": [90.60544444444444, 19.939777777776637, 120.3910000000015, 35.84833333333298], "streams_407.parquet": [91.187, 1.3005555555576291, 104.19899999999915, 32.73744444444451], "streams_408.parquet": [93.8916666666665, 8.594444444446054, 109.40022222222105, 33.79277777777778], "streams_409.parquet": [73.41722222222266, 17.09288888888767, 97.71800000000194, 31.390444444444107], "streams_410.parquet": [72.86944444444487, 5.936444444442542, 81.8734444444454, 19.64811111111005], "streams_411.parquet": [67.64622222222232, 15.83866666666537, 86.70988888889015, 25.34088888888817], "streams_412.parquet": [65.9541111111111, 23.18666666666582, 82.40411111111212, 37.04444444444444], "streams_413.parquet": [129.7459301050502, 31.146860177853682, 148.79462039394969, 54.28922199052448], "streams_414.parquet": [80.32644444444419, 34.816555555555844, 99.161888888888, 43.779], "streams_415.parquet": [73.21655555555553, 34.36111111111143, 90.46222222222163, 42.41844444444449], "streams_416.parquet": [72.52186103627257, 42.31953818337545, 84.9317599113056, 49.07743950006965], "streams_417.parquet": [57.63939323285924, 45.44632171131961, 67.41641977511465, 51.74077773129177], "streams_418.parquet": [60.741896434809476, 39.413199505274626, 79.14522856380276, 49.36332891471022], "streams_419.parquet": [58.19344828302576, 34.52630162936261, 75.11326184154444, 46.36943452003857], "streams_420.parquet": [107.84422222222331, 41.1345555555553, 116.44455555555699, 47.21499999999998], "streams_421.parquet": [80.04555555555554, 39.36111111111077, 100.20322222222302, 47.031888888888865], "streams_422.parquet": [97.4431111111118, 37.85777777777737, 109.09266666666782, 47.628888888888895], "streams_423.parquet": [80.52688888888888, 29.752222222222134, 92.14366666666685, 36.37777777777777], "streams_501.parquet": [95.24655555555557, -10.674888888889445, 131.62911111111237, 5.629777777777765], "streams_502.parquet": [108.00877777777792, -5.7033333333347445, 126.56555555555667, 18.618555555555425], "streams_503.parquet": [126.00055555555556, -11.660111111111783, 162.2236666666684, 2.5736666666666626],